{
  "Random - Small Var": {
    "mu_z": [
      0.24835707650561634,
      -0.06913215058559233,
      0.32384426905034625,
      0.7615149282040127,
      -0.11707668736166799,
      -0.11706847847459027,
      0.7896064077536957,
      0.3837173645764544,
      -0.23473719296747605,
      0.27128002179298233
    ],
    "sigma_z_sq": [
      0.01900067175350296,
      0.01915704647548995,
      0.03111998205299424,
      0.05295088673159155,
      0.04376255684556946,
      0.029831684879606152,
      0.06157343657751557,
      0.01480989220455214,
      0.0299223202049866,
      0.03726982248607548
    ]
  },
  "Random - Medium Var": {
    "mu_z": [
      -0.7031587318359169,
      -0.04155278631434738,
      -0.7523601870155011,
      0.3800279818448013,
      0.04121987646725164,
      -0.7287757497324653,
      -0.15460453852493172,
      -0.3760782027952916,
      0.15958725520959022,
      0.6702252230115723
    ],
    "sigma_z_sq": [
      1.781669314891041,
      1.233722058020304,
      2.829384298582041,
      1.4925376030929791,
      0.7177319169894287,
      2.042666290294503,
      0.7845959836915035,
      1.3630578570042302,
      1.768529846794522,
      2.6855563117129395
    ]
  },
  "Random - Large Var": {
    "mu_z": [
      1.1518193760523945,
      -0.739722111569862,
      0.6296166198933995,
      0.5732204352003638,
      -0.4866894190135173,
      0.5035666682365798,
      0.1680724815131144,
      -0.11373812997670389,
      -0.4119677434859998,
      -0.35955472572459296
    ],
    "sigma_z_sq": [
      5.690626465701236,
      9.295558788234583,
      7.500291295955433,
      8.374466015270773,
      6.195331920375148,
      8.790202105056082,
      8.800027724810493,
      6.562990124541501,
      7.053413165051414,
      6.048451387151005
    ]
  },
  "Dominant - Small Var": {
    "mu_z": [
      -2.142635799859911,
      -3.6365336162170436,
      -1.095933483862784,
      -3.5218153456857935,
      -1.2716690078901065,
      -3.4191285706136174,
      -3.4991494628965922,
      -1.2557520138170188,
      -3.7437745515752043,
      2.733275400192913
    ],
    "sigma_z_sq": [
      0.03922381969491095,
      0.06929254559686611,
      0.06064166987628283,
      0.01161743651608876,
      0.05130871182805236,
      0.07381236044499152,
      0.09921540169454428,
      0.06328553656306159,
      0.03765901357769046,
      0.023389008380409724
    ]
  },
  "Dominant - Medium Var": {
    "mu_z": [
      -1.0042054961903704,
      -2.937261990432267,
      -1.0015109487438352,
      -2.3238790162117104,
      -2.1291165014160516,
      2.0606784936366367,
      -2.0150403985982472,
      -3.821462672308077,
      -3.180013370002328,
      -1.226011935125213
    ],
    "sigma_z_sq": [
      1.44975130580676,
      1.6897658186830018,
      0.611425101781577,
      2.926433331568401,
      2.2901576335488953,
      1.3079851633108404,
      1.2967431432134933,
      1.6213563734211485,
      2.0656120569075824,
      0.8659326664724194
    ]
  },
  "Dominant - Large Var": {
    "mu_z": [
      -2.6563259654666105,
      -2.681522462290409,
      2.141629402771529,
      -1.0772724234347906,
      -2.3044802313281876,
      -3.8186592310441894,
      -2.7993427133835667,
      -1.7526532629223879,
      -2.2692335842010696,
      -1.4352491243206869
    ],
    "sigma_z_sq": [
      9.38423887077056,
      7.71771957324721,
      6.19131206669965,
      9.255459411160722,
      7.78609522465022,
      6.034205190717806,
      8.117539049781112,
      6.788583824712138,
      9.222028061460328,
      7.266498693232714
    ]
  },
  "Competing - Small Var": {
    "mu_z": [
      -2.606889039453877,
      2.985497792258675,
      -3.001708853992962,
      -1.3323579597274273,
      -2.9608020407114433,
      -1.333792631840124,
      -3.1699901734627542,
      3.5552851393553784,
      -2.8920094935410656,
      -2.45162624739254
    ],
    "sigma_z_sq": [
      0.06970797463663198,
      0.06066065920727785,
      0.01926897002292777,
      0.028047147098973015,
      0.041489663869649605,
      0.07022503078930192,
      0.0642336174728836,
      0.0536912499199931,
      0.07707264376828939,
      0.07603583622101043
    ]
  },
  "Competing - Medium Var": {
    "mu_z": [
      -3.0423668923381824,
      -3.468332850080591,
      -2.72728826411418,
      -2.522731931804216,
      -3.1229577273545455,
      3.5032411016896274,
      2.778121419237305,
      -2.3459873719027717,
      -1.3038795112756207,
      -2.839689374191127
    ],
    "sigma_z_sq": [
      1.4041622563402374,
      0.9551687789357239,
      2.90215704070495,
      2.2875796038957157,
      2.3734578858996556,
      1.5899231650009453,
      0.7749120703292653,
      1.1667912154183027,
      1.1492777601658253,
      1.7169483770038592
    ]
  },
  "Competing - Large Var": {
    "mu_z": [
      -3.441729815217819,
      -1.3199302760210472,
      -3.626505532220799,
      -2.489394860325599,
      -1.5117869351334803,
      -2.1811075832588043,
      2.0863350285624462,
      -3.1851021353198323,
      -1.597708640285325,
      3.321482077467688
    ],
    "sigma_z_sq": [
      6.604325225119849,
      8.53280407161499,
      9.35120829123501,
      8.923866015711921,
      7.653186283328261,
      5.512210581163267,
      8.548836419707769,
      6.814143623634368,
      5.428251969577051,
      9.212332036063128
    ]
  },
  "All Negative - Small Var": {
    "mu_z": [
      -2.238689934810888,
      -1.1765651583883603,
      -2.1676471905863868,
      -2.165990959141141,
      -1.7906810736601932,
      -3.000387303622423,
      -1.8985722960353781,
      -1.2512985000603547,
      -3.967313580923971,
      -1.3896608766734042
    ],
    "sigma_z_sq": [
      0.022643214794627053,
      0.04613640409633715,
      0.08538243229431117,
      0.08256730061820627,
      0.08930082033447954,
      0.09410126247062009,
      0.0452685387204041,
      0.0659800172692997,
      0.039657365612084564,
      0.03572095503172442
    ]
  },
  "All Negative - Medium Var": {
    "mu_z": [
      -1.4350419555038276,
      -2.604867539325127,
      -2.0175472496204816,
      -3.927577668632999,
      -3.2504051718418996,
      -2.6911921598722324,
      -2.1081068585375107,
      -3.4854364358404646,
      -1.70634560718853,
      -2.906785881591288
    ],
    "sigma_z_sq": [
      2.543588173084711,
      0.7449227259876683,
      2.1993914692059295,
      1.2333208330162755,
      2.4884579353065446,
      1.5054260676060265,
      2.163374080658916,
      2.8357631715911835,
      0.551566580034411,
      0.5277919558359341
    ]
  },
  "All Negative - Large Var": {
    "mu_z": [
      -2.592184460911213,
      -1.7407496209803828,
      -1.6300818659031657,
      -2.503031600210281,
      -3.712390975875345,
      -2.855908074455301,
      -1.2036941200769067,
      -3.311162330440856,
      -3.0407366502618203,
      -1.7595184736107874
    ],
    "sigma_z_sq": [
      8.66790394442969,
      9.561011440124663,
      6.940593453601878,
      7.572993619371456,
      7.336962306102388,
      9.638760855112267,
      8.846652944123175,
      9.157208899169241,
      5.665491344147054,
      8.9592334643408
    ]
  },
  "Equal Positive - Small Var": {
    "mu_z": [
      2.8198701159191617,
      2.731792537601119,
      2.451460549692381,
      2.6319323572393465,
      2.65343146158248,
      2.706504345369475,
      2.627501979910339,
      2.6217607004626653,
      2.575558705767881,
      2.5369678146565056
    ],
    "sigma_z_sq": [
      0.09467382098569671,
      0.032442070293802826,
      0.007278711133452737,
      0.017561189190047816,
      0.08587038696808769,
      0.05907671245321501,
      0.0780992743883295,
      0.08106937306782974,
      0.08250040748189626,
      0.055510757066716265
    ]
  },