{
  "Random - Small Var": {
    "mu_z": [
      0.24835707650561634,
      -0.06913215058559233,
      0.32384426905034625,
      0.7615149282040127,
      -0.11707668736166799,
      -0.11706847847459027,
      0.7896064077536957,
      0.3837173645764544,
      -0.23473719296747605,
      0.27128002179298233
    ],
    "sigma_z_sq": [
      0.01900067175350296,
      0.01915704647548995,
      0.03111998205299424,
      0.05295088673159155,
      0.04376255684556946,
      0.029831684879606152,
      0.06157343657751557,
      0.01480989220455214,
      0.0299223202049866,
      0.03726982248607548
    ]
  },
  "Random - Medium Var": {
    "mu_z": [
      -0.22018602698443399,
      0.3379551157933638,
      0.14154431722410862,
      0.14585740886519283,
      -0.5246287526274951,
      -0.06518112656980106,
      -0.03465174926287317,
      -0.0037108583385066164,
      0.07039220731860503,
      -0.20700660550977962
    ],
    "sigma_z_sq": [
      0.6005097896661383,
      2.2428447200533155,
      1.6070108273962156,
      2.8217922146834145,
      0.5937629335516001,
      2.1574490371410393,
      1.7908644335677946,
      2.532459677149955,
      0.6885736931343727,
      2.444201510228484
    ]
  },
  "Random - Large Var": {
    "mu_z": [
      -0.15194244137358104,
      0.7364906484128112,
      0.27699180272233825,
      -0.6482005056898847,
      -0.3467161745481588,
      0.798013345375579,
      0.2842277154789377,
      -0.42439260787087874,
      -0.6987282221303289,
      0.3747840217595093
    ],
    "sigma_z_sq": [
      9.525408166583158,
      6.682989660638583,
      8.065046170495878,
      5.827907486029484,
      9.357073326093175,
      8.783773659092914,
      5.15859746444007,
      5.25760171028916,
      8.585205904145617,
      8.016839304405554
    ]
  },
  "Dominant - Small Var": {
    "mu_z": [
      -3.924085834325998,
      -2.4274781328268413,
      -1.4419974941715203,
      2.495192673085846,
      -3.504844950574105,
      -3.310596209111524,
      -2.5544632868390584,
      -3.083775910712392,
      -1.3657918721883524,
      -1.6024066705005375
    ],
    "sigma_z_sq": [
      0.008325186712962694,
      0.053185407309998205,
      0.09126246250380662,
      0.025038919255681143,
      0.030483687403946844,
      0.037996445593803795,
      0.08053582576168024,
      0.02600640109122884,
      0.05616723129306232,
      0.04969555845815611
    ]
  },
  "Dominant - Medium Var": {
    "mu_z": [
      -1.249908908003421,
      -3.6265029571926757,
      -1.1431670598439494,
      -2.7508540546318447,
      -1.2321338032003437,
      -3.9738963267392777,
      -3.5720688081059744,
      -2.3100902232751217,
      -1.375322763040205,
      3.414681503731588
    ],
    "sigma_z_sq": [
      0.5971126549930307,
      2.9271899310458784,
      1.2609051172909698,
      1.9266491678987987,
      2.487025775369652,
      0.9684219755860414,
      1.1587056484770417,
      1.102889286127453,
      2.884988057315995,
      2.871475063301101
    ]
  },
  "Dominant - Large Var": {
    "mu_z": [
      -1.003078863575987,
      -3.461992828889097,
      -2.248863618499115,
      -2.2475804009537077,
      -2.222954859961508,
      2.6503431149795285,
      -1.4463691130522252,
      -1.5306482437779656,
      -2.1998139913128325,
      -3.513984890510607
    ],
    "sigma_z_sq": [
      8.733117147824373,
      8.680348986990456,
      9.49260368216235,
      6.551127801297037,
      5.7862431526704485,
      9.828150686097942,
      9.944676009302501,
      5.4500605417339765,
      6.981336652723337,
      9.695014936520128
    ]
  },
  "Competing - Small Var": {
    "mu_z": [
      -1.000816036311753,
      -3.4128812014747902,
      -3.405490168795594,
      -1.3712981763385317,
      2.2382387586329386,
      -1.2505240547486918,
      -2.7994224320111734,
      3.126408471923617,
      -1.5701829719879759,
      -1.817101515899373
    ],
    "sigma_z_sq": [
      0.052242092456314226,
      0.07237966922188449,
      0.03436594202397059,
      0.069744071174375,
      0.05105948749155285,
      0.060054618004507156,
      0.03702902087244803,
      0.04687653693820409,
      0.017243313148553607,
      0.08923133624223635
    ]
  },
  "Competing - Medium Var": {
    "mu_z": [
      -3.306381005886113,
      -3.5077244953372673,
      3.202029259963717,
      -2.415603615380571,
      2.747585340617771,
      -2.2983166484392483,
      2.5832630435277686,
      -2.1603821404140704,
      -2.1564005506435984,
      -3.623200425687038
    ],
    "sigma_z_sq": [
      2.244847758225192,
      2.8568461887836136,
      1.1666575119259666,
      2.5466484927444486,
      1.1851141135111063,
      1.394091627614665,
      0.6670751627099145,
      0.603588215369794,
      0.6857821718154165,
      1.623188014653642
    ]
  },
  "Competing - Large Var": {
    "mu_z": [
      -3.3779806535532835,
      -1.170460323442092,
      3.4685511013965806,
      -2.3399097903479884,
      -1.2842089279506514,
      3.212033534486467,
      -2.74145744333669,
      -1.0447796751497145,
      -2.854808006912016,
      -2.1752473162842945
    ],
    "sigma_z_sq": [
      8.189417971202957,
      6.9064227340789195,
      6.164612190733978,
      6.175212830201262,
      5.494648122092516,
      5.511901718072383,
      6.796756590320065,
      9.156229411903574,
      5.111394465675704,
      7.717575457143306
    ]
  },
  "All Negative - Small Var": {
    "mu_z": [
      -3.7645414250334035,
      -3.791045686851222,
      -3.201317371019059,
      -1.021873987545498,
      -2.7007148800036487,
      -2.9234692685532493,
      -2.424551450417752,
      -3.4235813060533973,
      -3.6821369148827046,
      -3.134255481810475
    ],
    "sigma_z_sq": [
      0.06963708290843947,
      0.08300452582469373,
      0.058627878791955225,
      0.08985115070191643,
      0.038128261933976955,
      0.08450042166034821,
      0.047045560517242686,
      0.03933385953236036,
      0.0839671318211165,
      0.09338566543516812
    ]
  },
  "All Negative - Medium Var": {
    "mu_z": [
      -2.6293077317378466,
      -1.2775454932369668,
      -1.4237474561051182,
      -1.9595806737101409,
      -2.453485945113364,
      -3.5940360656552,
      -3.8885064558208424,
      -1.58377552350986,
      -2.140953204350574,
      -3.284702918915268
    ],
    "sigma_z_sq": [
      0.6626634344515288,
      2.748408018772671,
      1.881806234580054,
      2.959430517267546,
      1.2431846726160993,
      2.5389329680915913,
      0.6680679736371277,
      0.6622823012217639,
      2.2468960950281054,
      1.0768795400006177
    ]
  },
  "All Negative - Large Var": {
    "mu_z": [
      -2.730367892327381,
      -1.7608948074366402,
      -3.501278536325737,
      -3.4458030706849296,
      -3.9488381450816714,
      -1.2357788828954641,
      -3.4935531121982715,
      -1.4257579914407934,
      -3.6866722208782083,
      -3.8831256557453577
    ],
    "sigma_z_sq": [
      5.570163247617599,
      8.742505662257555,
      7.523802826295334,
      6.264832145579517,
      7.742190603503964,
      8.179268846610363,
      5.203910992448347,
      8.39695323896419,
      8.56789293979799,
      7.71708977591123
    ]
  },
  "Equal Positive - Small Var": {
    "mu_z": [
      3.7272224147393564,
      3.8471717508973886,
      3.772696673041203,
      3.5471428270717182,
      3.5679126501946796,
      3.5717191073429557,
      3.8267053478646873,
      3.6985428465626895,
      3.8454613040422605,
      3.816405814820451
    ],
    "sigma_z_sq": [
      0.026230669524361743,
      0.04227237275737166,
      0.08120012095376519,
      0.08738866277397463,
      0.0492979394555119,
      0.0787000742593018,
      0.012717360408968915,
      0.0015500384831256893,
      0.09004190328700658,
      0.011001864437049536
    ]
  },