{
  "epoch": [
    1.0,
    2.0,
    3.0,
    4.0,
    5.0,
    6.0,
    7.0,
    8.0,
    9.0,
    10.0,
    11.0,
    12.0,
    13.0,
    14.0,
    15.0,
    16.0,
    17.0,
    18.0,
    19.0,
    20.0,
    21.0,
    22.0,
    23.0,
    24.0,
    25.0,
    26.0,
    27.0,
    28.0,
    29.0,
    30.0,
    31.0,
    32.0,
    33.0,
    34.0,
    35.0,
    36.0,
    37.0,
    38.0,
    39.0,
    40.0,
    41.0,
    42.0,
    43.0,
    44.0,
    45.0,
    46.0,
    47.0,
    48.0,
    49.0,
    50.0
  ],
  "train_accuracy": [
    24.31000712250712,
    35.405537749287745,
    39.97061965811966,
    43.36939102564102,
    46.89948361823362,
    49.541488603988604,
    52.05439814814815,
    53.94631410256411,
    55.49100783475783,
    57.16924857549858,
    58.558137464387464,
    59.93812321937322,
    61.40046296296296,
    62.268518518518526,
    63.34802350427351,
    64.37856125356124,
    65.24439102564102,
    65.78970797720798,
    66.80243945868945,
    67.3766915954416,
    68.16016737891738,
    68.81232193732194,
    69.11280270655271,
    69.75827991452992,
    70.21011396011396,
    70.48388532763533,
    71.309650997151,
    71.82825854700855,
    71.7548076923077,
    72.10870726495726,
    72.74528133903134,
    73.07469729344729,
    73.09918091168092,
    73.70236823361823,
    73.96055911680912,
    74.07407407407408,
    74.2588141025641,
    74.57932692307693,
    74.82861467236467,
    75.10016025641025,
    75.63657407407408,
    76.05502136752136,
    76.11066595441596,
    75.94373219373219,
    76.40446937321937,
    76.75614316239316,
    76.51798433048434,
    76.92752849002848,
    76.70272435897436,
    77.00988247863248
  ],
  "val_accuracy": [
    31.270032051282055,
    38.84214743589743,
    39.12259615384615,
    45.89342948717949,
    45.67307692307692,
    49.19871794871795,
    53.40544871794872,
    54.12660256410257,
    55.12820512820513,
    56.22996794871795,
    56.71073717948718,
    59.87580128205128,
    60.77724358974359,
    61.418269230769226,
    58.75400641025641,
    63.982371794871796,
    63.56169871794872,
    63.84214743589743,
    65.02403846153845,
    65.10416666666666,
    67.02724358974359,
    67.48798076923077,
    67.46794871794873,
    67.96875,
    67.52804487179486,
    68.8301282051282,
    68.64983974358975,
    69.43108974358975,
    69.35096153846155,
    70.65304487179486,
    70.95352564102564,
    70.25240384615384,
    70.41266025641025,
    69.93189102564102,
    71.03365384615384,
    71.15384615384616,
    71.31410256410257,
    72.17548076923077,
    72.43589743589743,
    72.31570512820514,
    72.63621794871796,
    72.67628205128204,
    72.37580128205127,
    72.5360576923077,
    72.79647435897436,
    73.27724358974359,
    73.13701923076923,
    72.81650641025641,
    72.23557692307693,
    72.89663461538461
  ],
  "test_accuracy": [
    36.247996794871796,
    43.95032051282051,
    43.840144230769226,
    50.290464743589745,
    48.747996794871796,
    52.57411858974359,
    55.949519230769226,
    57.61217948717948,
    58.01282051282052,
    59.685496794871796,
    58.87419871794872,
    62.69030448717948,
    63.541666666666664,
    63.792067307692314,
    62.55008012820513,
    66.85697115384616,
    66.8770032051282,
    67.48798076923077,
    68.0488782051282,
    67.70833333333334,
    69.52123397435898,
    69.89182692307693,
    69.60136217948718,
    70.95352564102564,
    70.34254807692307,
    71.50440705128204,
    71.3641826923077,
    72.47596153846155,
    72.02524038461539,
    72.3858173076923,
    73.11698717948718,
    73.23717948717949,
    72.85657051282051,
    72.99679487179486,
    73.09695512820514,
    74.43910256410257,
    73.8681891025641,
    74.2588141025641,
    74.94991987179486,
    74.26883012820514,
    74.80969551282051,
    74.92988782051282,
    74.89983974358975,
    74.83974358974359,
    75.87139423076923,
    75.15024038461539,
    76.08173076923077,
    75.16025641025641,
    75.07011217948718,
    76.63261217948718
  ],
  "mae_mu_all": [
    0.0006449944363721436,
    0.036079095255480954,
    0.0113984917144916,
    0.02411700299669833,
    0.006347968316748683,
    0.001760674343330979,
    0.0017105135441274632,
    0.013274091336672142,
    0.0021908964837975436,
    0.002428843948603354,
    0.002993118295394521,
    0.002699699189806703,
    0.007821616513592467,
    0.004999283292043392,
    0.001427555872048431,
    0.007513946171898738,
    0.0015530450526675967,
    0.009983299507463185,
    0.004263513927952348,
    0.013099826790419083,
    0.006109745214435382,
    0.005397328728455118,
    0.004186640997466409,
    0.009217488828029493,
    0.0038298583915255236,
    0.006401446217408461,
    0.0050333650886301325,
    0.0048334149956035105,
    0.0033599494202875557,
    0.0036285490072887104,
    0.0050738066625033214,
    0.0029652224390401996,
    0.0024334618262119782,
    0.006332777266001666,
    0.004634390778412224,
    0.008367624029284109,
    0.0052999365428737085,
    0.0058537263808529855,
    0.007827031088208761,
    0.004434335081361536,
    0.004432291747956891,
    0.0051112809148364585,
    0.0056717047587137095,
    0.014543682257689615,
    0.006547904797846891,
    0.004901002291416576,
    0.009183028502236908,
    0.006336489105523597,
    0.006156947892066582,
    0.006113161849672889
  ],
  "mae_mu_all_std": [
    3.0508039821059695e-05,
    0.009803811836553057,
    0.004713159339476372,
    0.008125477266921019,
    0.002866322688675218,
    0.0008656310195187593,
    0.0007250211301898478,
    0.00489698241190745,
    0.0008318932799646904,
    0.0014424382514126046,
    0.0018407515293628436,
    0.0009065169647372236,
    0.003343627258555201,
    0.0021843449822820573,
    0.0005429948526000852,
    0.0030466373463458535,
    0.0009537172744161123,
    0.0034426886570827755,
    0.002097834259101142,
    0.0036454976652215646,
    0.003294820646734234,
    0.0019330622951541782,
    0.0024421408046083394,
    0.0033203672104567573,
    0.0016248731209747569,
    0.0027910430860799353,
    0.0026242598837129265,
    0.0018051902410236,
    0.0017460269449362088,
    0.0017513084864312957,
    0.002399357643883971,
    0.0008908203456527139,
    0.0011034426590514506,
    0.002345974834498121,
    0.0018551964086098484,
    0.0032724362289949386,
    0.0018688995986619757,
    0.0021398789325186443,
    0.003004280240947937,
    0.001748320456241464,
    0.0017329548664508298,
    0.002070274415062741,
    0.0018234102452871635,
    0.004690527586169554,
    0.0025701543435736624,
    0.0014177972213018119,
    0.0033852930952929577,
    0.002579281132671652,
    0.001950424895950347,
    0.002434234419850751
  ],